{"sum": 712778.0, "avr": 549.983024691358, "sumMD": 16717.0, "avrMD": 464.3611111111111, "sumSD": 19253.0, "avrSD": 534.8055555555555, "max": 998.0, "min": 100.0}